epoch,steps,Pearson_Correlation,Spearman_Correlation
0,-1,0.8676571596242874,0.8700897046669851
1,-1,0.8811991716007299,0.8794991648888448
2,-1,0.880463673233372,0.8786311820842065
3,-1,0.8807166976930509,0.8788454667124371
